pde,algorithm,n_obs,obs_noise,n_seeds,f1_l2_mean,f1_l2_std,f2_res_mean,f2_res_std,f3_budget_mean,f3_budget_std
cylinder_wake,grid_gradnorm,50.0,0.0,3,0.5220192670822144,0.02074595546613162,0.010204425288571252,0.007961118077372539,250.0,86.60254037844386
