pde,algorithm,n_obs,obs_noise,lam_data,lam_pde,n_collocation,balancer,f1_l2_error,f2_pde_residual,f3_data_budget,hidden_dim,n_layers,seed,real_data,real_data_sigma
burgers,grid_relobralo,20.0,0.0,1.0,1.0,100.0,relobralo,0.5042740133240147,0.0761101022362709,120.0,50.0,4.0,0,True,0.021081854392333378
burgers,grid_relobralo,20.0,0.0,1.0,1.0,200.0,relobralo,0.49483340851919977,0.051944270730018616,220.0,50.0,4.0,0,True,0.021081854392333378
burgers,grid_relobralo,20.0,0.0,1.0,1.0,300.0,relobralo,0.5192475244589799,0.059718381613492966,320.0,50.0,4.0,0,True,0.021081854392333378
burgers,grid_relobralo,20.0,0.0,1.0,1.0,100.0,relobralo,0.4315846120664414,0.05456744506955147,120.0,50.0,4.0,1,True,0.02869623278389905
burgers,grid_relobralo,20.0,0.0,1.0,1.0,200.0,relobralo,0.5089089486806844,0.05534952133893967,220.0,50.0,4.0,1,True,0.02869623278389905
burgers,grid_relobralo,20.0,0.0,1.0,1.0,300.0,relobralo,0.4630789550060625,0.06776456534862518,320.0,50.0,4.0,1,True,0.02869623278389905
burgers,grid_relobralo,20.0,0.0,1.0,1.0,100.0,relobralo,0.5792533186852231,0.052688680589199066,120.0,50.0,4.0,2,True,0.018174251332562428
burgers,grid_relobralo,20.0,0.0,1.0,1.0,200.0,relobralo,0.5235713252059048,0.06117035821080208,220.0,50.0,4.0,2,True,0.018174251332562428
burgers,grid_relobralo,20.0,0.0,1.0,1.0,300.0,relobralo,0.6005013722130216,0.06258190423250198,320.0,50.0,4.0,2,True,0.018174251332562428
