pde,algorithm,n_obs,obs_noise,n_seeds,f1_l2_mean,f1_l2_std,f2_res_mean,f2_res_std,f3_budget_mean,f3_budget_std
burgers,moead,0,0.0,3,0.4148572508374646,0.04517113528864038,0.1523452310098542,0.12689847439963736,67.80555555555556,41.03574709545983
