pde,algorithm,n_obs,obs_noise,lam_data,lam_pde,n_collocation,f1_l2_error,f2_pde_residual,f3_data_budget,balancer,hidden_dim,n_layers
burgers,grid,0.0,0.0,1.0,1.0,300.0,0.2748002573442347,0.03083743155002594,300.0,fixed,50.0,4.0
burgers,grid,0.0,0.0,1.0,10.0,100.0,0.3223230427985573,0.011412634514272213,100.0,fixed,50.0,4.0
burgers,grid,0.0,0.0,10.0,1.0,200.0,0.2867775957305805,0.05988685041666031,200.0,fixed,50.0,4.0
burgers,grid,0.0,0.0,10.0,10.0,100.0,0.39310226120473646,0.009646591730415821,100.0,fixed,50.0,4.0
