generation,best_fitness
0,-1.0030578960885284
1,-1.0030578960885284
2,-1.0030578960885284
3,-1.0030578960885284
4,-1.0030578960885284
5,-1.0030578960885284
6,-1.0030578960885284
7,-1.0030578960885284
8,-1.0030578960885284
9,-1.0030578960885284
10,-1.0030578960885284
11,-1.0030578960885284
12,-1.0030578960885284
13,-1.0030578960885284
14,-1.0030578960885284
15,-1.0030578960885284
16,-1.0030578960885284
17,-1.0030578960885284
18,-1.0030578960885284
19,-1.0030578960885284
