{
  "static_fuzzy_balanced_loss": 1.0000921849289344,
  "evolved_fuzzy_balanced_loss": 1.0000166797421794,
  "efs_improves": true,
  "best_params": [
    0.3071925918053927,
    0.01710838567347416,
    321.94098775659336,
    1.0563834257936582,
    1.7446846146986197,
    1.7123772080964528,
    0.61228056066953,
    1.4387692135906684,
    0.5781931895821542,
    1.3846313972329434,
    0.7887197083054862,
    2.352900211112616,
    0.5785979804386416,
    0.30329442460235667,
    1.2007232380069872,
    2.482463797328425,
    2.2508577123863023,
    1.921798444750983
  ]
}