generation,best_fitness
0,-1.0000166797421794
1,-1.0000166797421794
2,-1.0000166797421794
3,-1.0000166797421794
4,-1.0000166797421794
5,-1.0000166797421794
6,-1.0000166797421794
7,-1.0000166797421794
8,-1.0000166797421794
9,-1.0000166797421794
10,-1.0000166797421794
11,-1.0000166797421794
12,-1.0000166797421794
13,-1.0000166797421794
14,-1.0000166797421794
15,-1.0000166797421794
16,-1.0000166797421794
17,-1.0000166797421794
18,-1.0000166797421794
19,-1.0000166797421794
