{
  "static_fuzzy_balanced_loss": 1.0030578960885284,
  "evolved_fuzzy_balanced_loss": 1.0030578960885284,
  "efs_improves": false,
  "best_params": [
    0.5,
    0.05,
    300.0,
    1.0,
    1.0,
    1.0,
    0.8,
    1.0,
    0.6,
    0.5,
    1.0,
    2.0,
    0.5,
    1.0,
    2.0,
    0.6,
    1.0,
    1.6
  ]
}