pde,algorithm,n_obs,obs_noise,lam_data,lam_pde,n_collocation,f1_l2_error,f2_pde_residual,f3_data_budget,balancer,hidden_dim,n_layers
poisson,grid,0.0,0.0,1.0,0.1,200.0,6.444586324505508e-05,0.012454607523977757,200.0,fixed,50.0,4.0
poisson,grid,0.0,0.0,1.0,10.0,100.0,0.0013815093552693725,0.007836983539164066,100.0,fixed,50.0,4.0
poisson,grid,0.0,0.0,10.0,0.1,100.0,0.00013865780783817172,0.01866837590932846,100.0,fixed,50.0,4.0
poisson,grid,0.0,0.0,10.0,10.0,100.0,0.00041132039041258395,0.009703535586595535,100.0,fixed,50.0,4.0
poisson,grid,0.0,0.0,10.0,10.0,200.0,0.00010128632129635662,0.003234662115573883,200.0,fixed,50.0,4.0
