pde,algorithm,n_obs,obs_noise,n_seeds,f1_l2_mean,f1_l2_std,f2_res_mean,f2_res_std,f3_budget_mean,f3_budget_std
burgers,grid_gradnorm,50.0,0.0,3,0.8766135928582401,0.11247401577199063,0.009631744055594835,0.015148861862955956,250.0,86.60254037844386
